{
  "coefficients": [
    0.00003968064554493866,
    0.00007945358999375101,
    -0.00011918295469699283,
    0.0,
    0.00038890166917739653,
    0.0,
    0.0,
    0.00003160158232146775,
    3.950197790183469e-6,
    -0.00013631131629984384,
    -0.0004664124090391447,
    -0.0015043480342021678,
    -0.0010243457946546943,
    0.00006853463397237592,
    0.003244642963455754,
    0.0,
    0.003244642963455754
  ],
  "intercept": 0.0,
  "features": [
    "length",
    "dots",
    "hyphens",
    "at",
    "slashes",
    "questions",
    "equals",
    "digits",
    "has_ip",
    "subdomains",
    "keywords",
    "shortened",
    "https",
    "whitelisted",
    "has_password",
    "link_mismatch",
    "form_count"
  ]
}