{
  "coefficients": [
    1.5005799246481704,
    -8.437898073219118,
    -6.067226627817383,
    0.0,
    3.3403888402367876,
    0.0,
    0.0,
    5.571722407556264,
    0.696465300944533,
    -9.134369402216677,
    -3.825159895250613,
    -3.0010224681206616
  ],
  "intercept": 0.0,
  "features": [
    "length",
    "dots",
    "hyphens",
    "at",
    "slashes",
    "questions",
    "equals",
    "digits",
    "has_ip",
    "subdomains",
    "keywords",
    "shortened"
  ]
}